{
  "name": "exp_20251201_161051",
  "timestamp": "2025-12-01T16:10:51.048681",
  "config": {
    "cv_strategy": "purged_walkforward",
    "cv_splits": 5,
    "train_size": 2000,
    "test_size": 500,
    "return_n_estimators": 241,
    "return_learning_rate": 0.014942435761050315,
    "risk_n_estimators": 373,
    "risk_learning_rate": 0.024331414436560977
  },
  "results": {
    "oof_score": -0.059081366271161,
    "oof_sharpe": -0.1891919615505708,
    "oof_vol_penalty": 1.0,
    "oof_return_penalty": 3.2022272586292546,
    "test_score": -0.7837521659973271,
    "test_sharpe": -2.305063036677868,
    "test_vol_penalty": 1.0,
    "test_return_penalty": 2.9410611372852387,
    "cv_mean": 0.10420977529250515,
    "cv_std": 0.3690808575136836,
    "n_features": 500,
    "return_ic": 0.09478139723811835,
    "risk_quantile": 0.0019823908624129567
  },
  "notes": "Purged WF baseline - Top feature: M4_macd_hist"
}