{
  "name": "exp_20251201_171201",
  "timestamp": "2025-12-01T17:12:01.234491",
  "config": {
    "cv_strategy": "purged_walkforward",
    "cv_splits": 5,
    "train_size": 2000,
    "test_size": 500,
    "return_n_estimators": 451,
    "return_learning_rate": 0.12627564450068818,
    "risk_n_estimators": 182,
    "risk_learning_rate": 0.17907818431513317
  },
  "results": {
    "oof_score": 0.5683513297412722,
    "oof_sharpe": 0.7214713113028954,
    "oof_vol_penalty": 1.0,
    "oof_return_penalty": 1.2694107914400892,
    "test_score": 0.15594311350733683,
    "test_sharpe": 0.2506278986375283,
    "test_vol_penalty": 1.0,
    "test_return_penalty": 1.6071751615100127,
    "cv_mean": 0.6704887199820777,
    "cv_std": 0.5816533399969273,
    "n_features": 94,
    "return_ic": 0.04746325109456894,
    "risk_quantile": 0.0020082093120189185
  },
  "notes": "Purged WF baseline - Top feature: market_ma_60d"
}