{
  "name": "exp_20251128_173810",
  "timestamp": "2025-11-28T17:38:10.814399",
  "config": {
    "cv_strategy": "purged_walkforward",
    "cv_splits": 5,
    "train_size": 2000,
    "test_size": 500,
    "lgbm_n_estimators": 897,
    "lgbm_learning_rate": 0.2025894421289746
  },
  "results": {
    "oof_score": 1.034721713322283,
    "oof_sharpe": 1.034721713322283,
    "test_score": 0.7681826313968265,
    "test_sharpe": 0.7681826313968265,
    "cv_mean": 1.1347467375411606,
    "cv_std": 0.4381865832337682,
    "n_features": 100
  },
  "notes": "Purged WF baseline - Top feature: market_ma_20d"
}