{
  "name": "exp_20251201_170648",
  "timestamp": "2025-12-01T17:06:48.334299",
  "config": {
    "cv_strategy": "purged_walkforward",
    "cv_splits": 5,
    "train_size": 2000,
    "test_size": 500,
    "return_n_estimators": 451,
    "return_learning_rate": 0.12627564450068818,
    "risk_n_estimators": 182,
    "risk_learning_rate": 0.17907818431513317
  },
  "results": {
    "oof_score": 0.16853935186128832,
    "oof_sharpe": 0.41154234008788404,
    "oof_vol_penalty": 1.0,
    "oof_return_penalty": 2.4418175075610393,
    "test_score": 0.17207733726218818,
    "test_sharpe": 0.31353565633634173,
    "test_vol_penalty": 1.0,
    "test_return_penalty": 1.8220624593848664,
    "cv_mean": 0.3521180473890021,
    "cv_std": 0.5094792666286267,
    "n_features": 94,
    "return_ic": 0.04746325109456894,
    "risk_quantile": 0.0020082093120189185
  },
  "notes": "Purged WF baseline - Top feature: market_ma_60d"
}