{
  "name": "exp_20251201_173838",
  "timestamp": "2025-12-01T17:38:38.103979",
  "config": {
    "cv_strategy": "purged_walkforward",
    "cv_splits": 5,
    "train_size": 2000,
    "test_size": 500,
    "return_n_estimators": 451,
    "return_learning_rate": 0.12627564450068818,
    "risk_n_estimators": 182,
    "risk_learning_rate": 0.17907818431513317,
    "k": 3.5,
    "threshold": -0.02,
    "return_top_k": 100,
    "risk_top_k": 100,
    "risk2_top_k": 200
  },
  "results": {
    "oof_score": 0.7805668730375377,
    "oof_sharpe": 0.8120256544414661,
    "oof_vol_penalty": 1.0,
    "oof_return_penalty": 1.0403024807874668,
    "test_score": 0.16565106065867383,
    "test_sharpe": 0.26025548945477767,
    "test_vol_penalty": 1.0,
    "test_return_penalty": 1.5711066890844574,
    "cv_mean": 0.8131422796398378,
    "cv_std": 0.5441979351378571,
    "n_features": 94,
    "return_ic": 0.04746325109456894,
    "risk_quantile": 0.0020082093120189185
  },
  "notes": "Purged WF baseline - Top feature: market_ma_60d"
}