{
  "name": "exp_20251201_172436",
  "timestamp": "2025-12-01T17:24:36.189420",
  "config": {
    "cv_strategy": "purged_walkforward",
    "cv_splits": 5,
    "train_size": 2000,
    "test_size": 500,
    "return_n_estimators": 451,
    "return_learning_rate": 0.12627564450068818,
    "risk_n_estimators": 182,
    "risk_learning_rate": 0.17907818431513317,
    "k": 2.0,
    "threshold": -0.002
  },
  "results": {
    "oof_score": 0.5135222411294272,
    "oof_sharpe": 0.7215431016608205,
    "oof_vol_penalty": 1.0,
    "oof_return_penalty": 1.4050863699182292,
    "test_score": 0.7083087129070634,
    "test_sharpe": 0.8241739960620745,
    "test_vol_penalty": 1.0,
    "test_return_penalty": 1.1635802031567184,
    "cv_mean": 0.6208794071947221,
    "cv_std": 0.37528903037433275,
    "n_features": 94,
    "return_ic": 0.04746325109456894,
    "risk_quantile": 0.0020082093120189185
  },
  "notes": "Purged WF baseline - Top feature: market_ma_60d"
}