{
  "name": "exp_20251128_192150",
  "timestamp": "2025-11-28T19:21:50.398887",
  "config": {
    "cv_strategy": "purged_walkforward",
    "cv_splits": 5,
    "train_size": 2000,
    "test_size": 500,
    "lgbm_n_estimators": 897,
    "lgbm_learning_rate": 0.2025894421289746
  },
  "results": {
    "oof_score": 0.2952984146483286,
    "oof_sharpe": 0.5947208492662369,
    "test_score": -0.2593041922336286,
    "test_sharpe": -0.7228162049241303,
    "cv_mean": 0.38068975778731146,
    "cv_std": 0.3849761927911735,
    "n_features": 100
  },
  "notes": "Purged WF baseline - Top feature: market_ma_20d"
}