{
  "name": "exp_20251128_150619",
  "timestamp": "2025-11-28T15:06:19.676440",
  "config": {
    "cv_strategy": "purged_walkforward",
    "cv_splits": 2,
    "train_size": 2000,
    "test_size": 500,
    "lgbm_n_estimators": 897,
    "lgbm_learning_rate": 0.2025894421289746
  },
  "results": {
    "oof_score": 1.2035543778774145,
    "oof_sharpe": 1.2035543778774145,
    "test_score": 0.8160612853704753,
    "test_sharpe": 0.8160612853704753,
    "cv_mean": 1.255219226328789,
    "cv_std": 0.07816346170491528,
    "n_features": 50
  },
  "notes": "Purged WF baseline - Top feature: market_ma_20d"
}