{
  "name": "exp_20251201_172033",
  "timestamp": "2025-12-01T17:20:33.372675",
  "config": {
    "cv_strategy": "purged_walkforward",
    "cv_splits": 5,
    "train_size": 2000,
    "test_size": 500,
    "return_n_estimators": 451,
    "return_learning_rate": 0.12627564450068818,
    "risk_n_estimators": 182,
    "risk_learning_rate": 0.17907818431513317
  },
  "results": {
    "oof_score": 0.7809894530935924,
    "oof_sharpe": 0.8186764680064111,
    "oof_vol_penalty": 1.0,
    "oof_return_penalty": 1.0482554722903568,
    "test_score": 0.473581275064224,
    "test_sharpe": 0.536326047771452,
    "test_vol_penalty": 1.0,
    "test_return_penalty": 1.132489977984706,
    "cv_mean": 0.819027000905723,
    "cv_std": 0.5546995776867422,
    "n_features": 94,
    "return_ic": 0.04746325109456894,
    "risk_quantile": 0.0020082093120189185
  },
  "notes": "Purged WF baseline - Top feature: market_ma_60d"
}