{
  "name": "exp_20251201_172123",
  "timestamp": "2025-12-01T17:21:23.558498",
  "config": {
    "cv_strategy": "purged_walkforward",
    "cv_splits": 5,
    "train_size": 2000,
    "test_size": 500,
    "return_n_estimators": 451,
    "return_learning_rate": 0.12627564450068818,
    "risk_n_estimators": 182,
    "risk_learning_rate": 0.17907818431513317
  },
  "results": {
    "oof_score": 0.6195898929390459,
    "oof_sharpe": 0.7338561395861048,
    "oof_vol_penalty": 1.0,
    "oof_return_penalty": 1.1844223864030983,
    "test_score": 1.3031967299257325,
    "test_sharpe": 1.3031967299257325,
    "test_vol_penalty": 1.0,
    "test_return_penalty": 1.0,
    "cv_mean": 0.6697943589311398,
    "cv_std": 0.4496926756814172,
    "n_features": 94,
    "return_ic": 0.04746325109456894,
    "risk_quantile": 0.0020082093120189185
  },
  "notes": "Purged WF baseline - Top feature: market_ma_60d"
}