{
  "name": "exp_20251201_172250",
  "timestamp": "2025-12-01T17:22:50.305456",
  "config": {
    "cv_strategy": "purged_walkforward",
    "cv_splits": 5,
    "train_size": 2000,
    "test_size": 500,
    "return_n_estimators": 451,
    "return_learning_rate": 0.12627564450068818,
    "risk_n_estimators": 182,
    "risk_learning_rate": 0.17907818431513317,
    "k": 2.0,
    "threshold": -0.002
  },
  "results": {
    "oof_score": 0.4677874080299801,
    "oof_sharpe": 0.684872022980561,
    "oof_vol_penalty": 1.0,
    "oof_return_penalty": 1.4640668201497808,
    "test_score": 0.7011618190937657,
    "test_sharpe": 0.8170439842997735,
    "test_vol_penalty": 1.0,
    "test_return_penalty": 1.165271642080829,
    "cv_mean": 0.566306228848639,
    "cv_std": 0.37692419132123134,
    "n_features": 94,
    "return_ic": 0.04746325109456894,
    "risk_quantile": 0.0020082093120189185
  },
  "notes": "Purged WF baseline - Top feature: market_ma_60d"
}