{
  "name": "exp_20251201_153621",
  "timestamp": "2025-12-01T15:36:21.051985",
  "config": {
    "cv_strategy": "purged_walkforward",
    "cv_splits": 5,
    "train_size": 2000,
    "test_size": 500,
    "return_n_estimators": 241,
    "return_learning_rate": 0.014942435761050315,
    "risk_n_estimators": 373,
    "risk_learning_rate": 0.024331414436560977
  },
  "results": {
    "oof_score": -0.059081366271161,
    "oof_sharpe": -0.1891919615505708,
    "test_score": -0.7837521659973271,
    "test_sharpe": -2.305063036677868,
    "cv_mean": -0.34108157181933474,
    "cv_std": 0.543598452914124,
    "n_features": 500
  },
  "notes": "Purged WF baseline - Top feature: M4_macd_hist"
}