{
  "name": "exp_20251201_152551",
  "timestamp": "2025-12-01T15:25:51.280162",
  "config": {
    "cv_strategy": "purged_walkforward",
    "cv_splits": 5,
    "train_size": 2000,
    "test_size": 500,
    "return_n_estimators": 611,
    "return_learning_rate": 0.019669807903669158,
    "risk_n_estimators": 450,
    "risk_learning_rate": 0.2571175720207882
  },
  "results": {
    "oof_score": 0.11723353946742553,
    "oof_sharpe": 0.32659739977903385,
    "test_score": -0.27933966643396496,
    "test_sharpe": -0.6467335657548173,
    "cv_mean": -0.04060257509213684,
    "cv_std": 0.2964371101508021,
    "n_features": 500
  },
  "notes": "Purged WF baseline - Top feature: market_ma_60d"
}