{
  "name": "exp_20251127_194722",
  "timestamp": "2025-11-27T19:47:22.199517",
  "config": {
    "cv_strategy": "purged_walkforward",
    "cv_splits": 5,
    "train_size": 2000,
    "test_size": 500,
    "lgbm_n_estimators": 127,
    "lgbm_learning_rate": 0.0458793609907387
  },
  "results": {
    "oof_score": 0.954474174661207,
    "oof_sharpe": 0.954474174661207,
    "test_score": 0.5200350825863522,
    "test_sharpe": 0.5247644812360734,
    "cv_mean": 1.0155621721257921,
    "cv_std": 0.24993396569770876,
    "n_features": 94
  },
  "notes": "Purged WF baseline - Top feature: M4"
}