{
  "name": "exp_20251201_174325",
  "timestamp": "2025-12-01T17:43:25.190718",
  "config": {
    "cv_strategy": "purged_walkforward",
    "cv_splits": 5,
    "train_size": 2000,
    "test_size": 500,
    "return_n_estimators": 451,
    "return_learning_rate": 0.12627564450068818,
    "risk_n_estimators": 182,
    "risk_learning_rate": 0.17907818431513317,
    "k": 3.5,
    "threshold": -0.012,
    "return_top_k": 100,
    "risk_top_k": 100,
    "risk2_top_k": 200
  },
  "results": {
    "oof_score": 0.892193496065679,
    "oof_sharpe": 0.9865784752686952,
    "oof_vol_penalty": 1.0,
    "oof_return_penalty": 1.1057898086224875,
    "test_score": 1.0753669901205696,
    "test_sharpe": 1.1769289730261354,
    "test_vol_penalty": 1.0,
    "test_return_penalty": 1.094444021286332,
    "cv_mean": 0.7983366707941618,
    "cv_std": 0.42615080067386285,
    "n_features": 94,
    "return_ic": 0.04746325109456894,
    "risk_quantile": 0.0020082093120189185
  },
  "notes": "Purged WF baseline - Top feature: market_ma_60d"
}