{
  "name": "exp_20251201_181727",
  "timestamp": "2025-12-01T18:17:27.865693",
  "config": {
    "cv_strategy": "purged_walkforward",
    "cv_splits": 5,
    "train_size": 2000,
    "test_size": 500,
    "return_n_estimators": 451,
    "return_learning_rate": 0.12627564450068818,
    "risk_n_estimators": 182,
    "risk_learning_rate": 0.17907818431513317,
    "k": 3.7,
    "threshold": -0.012,
    "return_top_k": 100,
    "risk_top_k": 100,
    "risk2_top_k": 200
  },
  "results": {
    "oof_score": 0.9887877634994388,
    "oof_sharpe": 1.020313655113214,
    "oof_vol_penalty": 1.0,
    "oof_return_penalty": 1.0318833755610013,
    "test_score": 1.0112747531398558,
    "test_sharpe": 1.1138815341417831,
    "test_vol_penalty": 1.0,
    "test_return_penalty": 1.1014628128343447,
    "cv_mean": 0.8738626917974447,
    "cv_std": 0.3905268769887593,
    "n_features": 94,
    "return_ic": 0.04746325109456894,
    "risk_quantile": 0.0020082093120189185
  },
  "notes": "Purged WF baseline - Top feature: market_ma_60d"
}