{
  "name": "exp_20251127_195038",
  "timestamp": "2025-11-27T19:50:38.348168",
  "config": {
    "cv_strategy": "purged_walkforward",
    "cv_splits": 3,
    "train_size": 2000,
    "test_size": 500,
    "lgbm_n_estimators": 127,
    "lgbm_learning_rate": 0.0458793609907387
  },
  "results": {
    "oof_score": 0.955626609121511,
    "oof_sharpe": 0.955626609121511,
    "test_score": 0.5200350825863522,
    "test_sharpe": 0.5247644812360734,
    "cv_mean": 1.0073687104572757,
    "cv_std": 0.1960085553573825,
    "n_features": 94
  },
  "notes": "Purged WF baseline - Top feature: M4"
}