{
  "name": "exp_20251201_171759",
  "timestamp": "2025-12-01T17:17:59.895006",
  "config": {
    "cv_strategy": "purged_walkforward",
    "cv_splits": 5,
    "train_size": 2000,
    "test_size": 500,
    "return_n_estimators": 451,
    "return_learning_rate": 0.12627564450068818,
    "risk_n_estimators": 182,
    "risk_learning_rate": 0.17907818431513317
  },
  "results": {
    "oof_score": 0.5029244863973114,
    "oof_sharpe": 0.7149688915287544,
    "oof_vol_penalty": 1.0,
    "oof_return_penalty": 1.4216227502669807,
    "test_score": 0.7451438308487451,
    "test_sharpe": 0.8538102562866265,
    "test_vol_penalty": 1.0,
    "test_return_penalty": 1.1458328190332148,
    "cv_mean": 0.6099143110620593,
    "cv_std": 0.34673434866674624,
    "n_features": 94,
    "return_ic": 0.04746325109456894,
    "risk_quantile": 0.0020082093120189185
  },
  "notes": "Purged WF baseline - Top feature: market_ma_60d"
}