{
  "name": "exp_20251201_090117",
  "timestamp": "2025-12-01T09:01:17.484274",
  "config": {
    "cv_strategy": "purged_walkforward",
    "cv_splits": 5,
    "train_size": 2000,
    "test_size": 500,
    "lgbm_n_estimators": 897,
    "lgbm_learning_rate": 0.2025894421289746
  },
  "results": {
    "oof_score": 0.2348459129732004,
    "oof_sharpe": 0.5867743329384768,
    "test_score": -0.0027866290158996185,
    "test_sharpe": -0.0058977962359898555,
    "cv_mean": 0.3645485287242793,
    "cv_std": 0.40872301169371106,
    "n_features": 500
  },
  "notes": "Purged WF baseline - Top feature: market_ma_20d"
}