{
  "name": "exp_20251128_155054",
  "timestamp": "2025-11-28T15:50:54.506459",
  "config": {
    "cv_strategy": "purged_walkforward",
    "cv_splits": 5,
    "train_size": 2000,
    "test_size": 500,
    "lgbm_n_estimators": 897,
    "lgbm_learning_rate": 0.2025894421289746
  },
  "results": {
    "oof_score": 1.0189616011636347,
    "oof_sharpe": 1.0189616011636347,
    "test_score": 0.6552617055773727,
    "test_sharpe": 0.6552617055773727,
    "cv_mean": 1.076552592652621,
    "cv_std": 0.324205160269734,
    "n_features": 100
  },
  "notes": "Purged WF baseline - Top feature: market_ma_20d"
}