{
  "name": "exp_20251201_170807",
  "timestamp": "2025-12-01T17:08:07.937408",
  "config": {
    "cv_strategy": "purged_walkforward",
    "cv_splits": 5,
    "train_size": 2000,
    "test_size": 500,
    "return_n_estimators": 451,
    "return_learning_rate": 0.12627564450068818,
    "risk_n_estimators": 182,
    "risk_learning_rate": 0.17907818431513317
  },
  "results": {
    "oof_score": 0.5994098861730682,
    "oof_sharpe": 0.7458395961157406,
    "oof_vol_penalty": 1.0,
    "oof_return_penalty": 1.2442897812005616,
    "test_score": 0.3074596055013103,
    "test_sharpe": 0.42265879050815375,
    "test_vol_penalty": 1.0,
    "test_return_penalty": 1.374680715598435,
    "cv_mean": 0.6456739533385794,
    "cv_std": 0.5283591493107185,
    "n_features": 94,
    "return_ic": 0.04746325109456894,
    "risk_quantile": 0.0020082093120189185
  },
  "notes": "Purged WF baseline - Top feature: market_ma_60d"
}