{
  "name": "exp_20251201_172004",
  "timestamp": "2025-12-01T17:20:04.917402",
  "config": {
    "cv_strategy": "purged_walkforward",
    "cv_splits": 5,
    "train_size": 2000,
    "test_size": 500,
    "return_n_estimators": 451,
    "return_learning_rate": 0.12627564450068818,
    "risk_n_estimators": 182,
    "risk_learning_rate": 0.17907818431513317
  },
  "results": {
    "oof_score": 0.7592544066661469,
    "oof_sharpe": 0.810738426931255,
    "oof_vol_penalty": 1.0,
    "oof_return_penalty": 1.067808655192628,
    "test_score": 0.3051724611934861,
    "test_sharpe": 0.39674333850094123,
    "test_vol_penalty": 1.0,
    "test_return_penalty": 1.300062715191713,
    "cv_mean": 0.7829661886310736,
    "cv_std": 0.3667396188377626,
    "n_features": 94,
    "return_ic": 0.04746325109456894,
    "risk_quantile": 0.0020082093120189185
  },
  "notes": "Purged WF baseline - Top feature: market_ma_60d"
}