{
  "name": "exp_20251201_171457",
  "timestamp": "2025-12-01T17:14:57.245747",
  "config": {
    "cv_strategy": "purged_walkforward",
    "cv_splits": 5,
    "train_size": 2000,
    "test_size": 500,
    "return_n_estimators": 451,
    "return_learning_rate": 0.12627564450068818,
    "risk_n_estimators": 182,
    "risk_learning_rate": 0.17907818431513317
  },
  "results": {
    "oof_score": 0.5717713489409583,
    "oof_sharpe": 0.6977304169771256,
    "oof_vol_penalty": 1.0,
    "oof_return_penalty": 1.2202962220290858,
    "test_score": 0.13917949816270023,
    "test_sharpe": 0.22767207919463453,
    "test_vol_penalty": 1.0,
    "test_return_penalty": 1.6358162100030484,
    "cv_mean": 0.6449309489597332,
    "cv_std": 0.49457073870558105,
    "n_features": 94,
    "return_ic": 0.04746325109456894,
    "risk_quantile": 0.0020082093120189185
  },
  "notes": "Purged WF baseline - Top feature: market_ma_60d"
}