{
  "name": "exp_20251201_164804",
  "timestamp": "2025-12-01T16:48:04.389608",
  "config": {
    "cv_strategy": "purged_walkforward",
    "cv_splits": 5,
    "train_size": 2000,
    "test_size": 500,
    "return_n_estimators": 451,
    "return_learning_rate": 0.12627564450068818,
    "risk_n_estimators": 182,
    "risk_learning_rate": 0.17907818431513317
  },
  "results": {
    "oof_score": 0.012854442973178963,
    "oof_sharpe": 0.03926726691647968,
    "oof_vol_penalty": 1.0,
    "oof_return_penalty": 3.05476223267018,
    "test_score": 0.3507401096336969,
    "test_sharpe": 0.6117521292060438,
    "test_vol_penalty": 1.0,
    "test_return_penalty": 1.7441749956825312,
    "cv_mean": 0.10457267435619863,
    "cv_std": 0.3196562414653618,
    "n_features": 94,
    "return_ic": 0.05426589808923202,
    "risk_quantile": 0.002018528998997644
  },
  "notes": "Purged WF baseline - Top feature: market_ma_20d"
}