{
  "name": "exp_20251201_174951",
  "timestamp": "2025-12-01T17:49:51.384006",
  "config": {
    "cv_strategy": "purged_walkforward",
    "cv_splits": 5,
    "train_size": 2000,
    "test_size": 500,
    "return_n_estimators": 451,
    "return_learning_rate": 0.12627564450068818,
    "risk_n_estimators": 182,
    "risk_learning_rate": 0.17907818431513317,
    "k": 4.0,
    "threshold": -0.012,
    "return_top_k": 100,
    "risk_top_k": 100,
    "risk2_top_k": 200
  },
  "results": {
    "oof_score": 0.6178929797495343,
    "oof_sharpe": 0.7495904385874702,
    "oof_vol_penalty": 1.0,
    "oof_return_penalty": 1.2131395939978475,
    "test_score": 0.5751795188001443,
    "test_sharpe": 0.7336439145147884,
    "test_vol_penalty": 1.0,
    "test_return_penalty": 1.27550423917251,
    "cv_mean": 0.6153407995664211,
    "cv_std": 0.4029898658639862,
    "n_features": 94,
    "return_ic": 0.04746325109456894,
    "risk_quantile": 0.0020082093120189185
  },
  "notes": "Purged WF baseline - Top feature: market_ma_60d"
}