{
  "name": "exp_20251128_164714",
  "timestamp": "2025-11-28T16:47:14.869761",
  "config": {
    "cv_strategy": "timeseries",
    "cv_splits": 5,
    "train_size": 8821,
    "test_size": 0,
    "lgbm_n_estimators": 897,
    "lgbm_learning_rate": 0.2025894421289746
  },
  "results": {
    "oof_score": 0.538414890705608,
    "oof_sharpe": 0.538414890705608,
    "test_score": 0.7681826313968265,
    "test_sharpe": 0.7681826313968265,
    "cv_mean": 0.5662782396038992,
    "cv_std": 0.2633770810444875,
    "n_features": 100
  },
  "notes": "Purged WF baseline - Top feature: market_ma_20d"
}