{
  "name": "exp_20251128_162007",
  "timestamp": "2025-11-28T16:20:07.342793",
  "config": {
    "cv_strategy": "timeseries",
    "cv_splits": 5,
    "train_size": 8821,
    "test_size": 0,
    "lgbm_n_estimators": 897,
    "lgbm_learning_rate": 0.2025894421289746
  },
  "results": {
    "oof_score": 0.5363742153915747,
    "oof_sharpe": 0.5363742153915747,
    "test_score": 0.6552617055773727,
    "test_sharpe": 0.6552617055773727,
    "cv_mean": 0.5640652997825528,
    "cv_std": 0.24809011799929692,
    "n_features": 100
  },
  "notes": "Purged WF baseline - Top feature: market_ma_20d"
}