{
  "name": "exp_20251128_143938",
  "timestamp": "2025-11-28T14:39:38.800071",
  "config": {
    "cv_strategy": "purged_walkforward",
    "cv_splits": 2,
    "train_size": 2000,
    "test_size": 500,
    "lgbm_n_estimators": 127,
    "lgbm_learning_rate": 0.0458793609907387
  },
  "results": {
    "oof_score": 1.1342392770928436,
    "oof_sharpe": 1.1342392770928436,
    "test_score": 0.6101818761654139,
    "test_sharpe": 0.6101818761654139,
    "cv_mean": 1.185521688952759,
    "cv_std": 0.12462232607613544,
    "n_features": 50
  },
  "notes": "Purged WF baseline - Top feature: P11_macd"
}