{
  "name": "exp_20251128_162416",
  "timestamp": "2025-11-28T16:24:16.606730",
  "config": {
    "cv_strategy": "timeseries",
    "cv_splits": 5,
    "train_size": 8821,
    "test_size": 0,
    "lgbm_n_estimators": 897,
    "lgbm_learning_rate": 0.2025894421289746
  },
  "results": {
    "oof_score": 0.4803105799788723,
    "oof_sharpe": 0.4803105799788723,
    "test_score": 0.637376745709116,
    "test_sharpe": 0.637376745709116,
    "cv_mean": 0.5109085721756467,
    "cv_std": 0.23928714603522377,
    "n_features": 100
  },
  "notes": "Purged WF baseline - Top feature: market_ma_20d"
}