{
  "name": "exp_20251128_154728",
  "timestamp": "2025-11-28T15:47:28.016109",
  "config": {
    "cv_strategy": "purged_walkforward",
    "cv_splits": 5,
    "train_size": 2000,
    "test_size": 500,
    "lgbm_n_estimators": 897,
    "lgbm_learning_rate": 0.2025894421289746
  },
  "results": {
    "oof_score": 1.0190012220340343,
    "oof_sharpe": 1.0190012220340343,
    "test_score": 0.6741234572097629,
    "test_sharpe": 0.6741234572097629,
    "cv_mean": 1.0650369500648482,
    "cv_std": 0.3542871872056725,
    "n_features": 1000
  },
  "notes": "Purged WF baseline - Top feature: market_ma_20d"
}